group	category	value	error	significance
Prenatal	3'/5' UTR	28.312031730299587	4.434067576942509	ns
Prenatal	CDS	62.61881379019168	7.348148992167681	ns
Prenatal	Intron	56.636647375069266	3.3555327388107843	***
Prenatal	Intergenic	60.25955640631066	7.030832347672071	***
Postnatal	3'/5' UTR	73.34386225407565	4.032673684979435	**
Postnatal	CDS	57.958458246696985	7.0472962637186125	***
Postnatal	Intron	48.10248115914331	4.763942003789005	ns
Postnatal	Intergenic	76.72384979400454	4.798553280298698	*
